Final exam (FE) Q1 (max mark 24) - Financial accounting,Final exam (FE) Q2 (max mark 13) - Activity based costing,Final exam (FE) Q3 (max mark 9) - Cost volume profit analysis ,Final exam (FE) Q4 (max mark 10) - Decision making,Final exam (FE) Q5 (max mark 22) - Earnings management,Total Facebook time (minutes),Communications with friends and family*FB time,Enjoyment and entertainment*FB time,Filling in 'dead' or vacant time*FB time,Keeping informed about events and news*FB time,Education and study*FB time,Work related reasons*FB time,Arrange a meeting for a group project*FB time,Contact another student with a question related to class or university work*FB time,Discuss university work*FB time,Ask a classmate for help in the class*FB time,Help manage a group project*FB time,Collaborate on an assignment in a way my instructor would like*FB time,Arrange a face–to–face study group*FB time,Accounting major dummy 1=Yes; 0=No,Age when studying 22107,Gender Dummy 1=Male. 0=Female,WAM,Year of Study,Linkedin total time (minutes),Snapchat total time (minutes),Twitter total time (minutes),Final exam (FE) total (max mark 100)
7,0,2,0,0,0,0,0,0,0,0,0,0,0,0,0,0,0,0,1,20.89,1,45.5,0,0,0,0,20
5,0,0,2,12,0,0,0,0,0,0,0,0,0,0,0,0,0,0,0,20.64,1,48,0,0,0,0,28
6,0,5,4,0,0,0,0,0,0,0,0,0,0,0,0,0,0,0,0,18.03,0,51,0,0,0,0,24
14,0,9,5,9,0,0,0,0,0,0,0,0,0,0,0,0,0,0,0,19.14,0,59.33,0,0,0,0,52
7.5,8,1,0,0,0,0,0,0,0,0,0,0,0,0,0,0,0,0,0,20.42,0,62.33,0,0,0,0,29.5
10,7,9,7,13,0,0,0,0,0,0,0,0,0,0,0,0,0,0,0,20.90,1,63.5,0,0,0,0,62
15,2,2,1,4,0,0,0,0,0,0,0,0,0,0,0,0,0,0,0,18.92,1,64.67,0,0,0,0,35
13,10,7,4,8,0,0,0,0,0,0,0,0,0,0,0,0,0,0,0,18.16,1,67.33,0,0,0,0,42
12,13,9,4,14,0,0,0,0,0,0,0,0,0,0,0,0,0,0,0,20.14,1,72,0,0,0,0,52
18,7,5,6,18,0,0,0,0,0,0,0,0,0,0,0,0,0,0,0,18.00,1,80.67,0,0,0,0,71
11.5,11,9,9,10.5,0,0,0,0,0,0,0,0,0,0,0,0,0,0,0,19.72,1,83.67,0,0,0,0,67
12,2,2,0,0,0,0,0,0,0,0,0,0,0,0,0,0,0,0,0,20.14,0,79.43,0.5,10,0,0,29
19,8,7,0,12,0,0,0,0,0,0,0,0,0,0,0,0,0,0,0,,1,84,0,60,0,0,63
5,0,0,0,9,0,0,0,0,0,0,0,0,0,0,0,0,0,0,0,,1,,0,60,0,0,26
13,8,0,0,14,0,0,0,0,0,0,0,0,0,0,0,0,0,0,0,,1,83,0,210,0,0,48
14,8,3,2,3,0,0,0,0,0,0,0,0,0,0,0,0,0,0,0,17.72,0,65.67,0,0,60,0,39
11,1,2,3,4,0,0,0,0,0,0,0,0,0,0,0,0,0,0,0,18.25,0,73.3,0,0,60,0,21
19,13,9,10,5,0,0,0,0,0,0,0,0,0,0,0,0,0,0,0,17.53,0,76,0,0,120,0,56
15.5,0.5,0,1,0,0,0,0,0,0,0,0,0,0,0,0,0,0,0,0,24.81,0,57.83,3,60,120,0,27
11,12,5,2,7,0,0,0,0,0,0,0,0,0,0,0,0,0,0,1,23.47,0,57.5,0.5,0,128,0,49
15.5,0,2,0,18,0,0,0,0,0,0,0,0,0,0,0,0,0,0,0,17.11,0,70.67,0,0,300,0,35.5
12,8,5,3,10,0,0,0,0,0,0,0,0,0,0,0,0,0,0,0,17.73,0,71.67,0,0,300,0,38
15,2,5,8,3,0,0,0,0,0,0,0,0,0,0,0,0,0,0,1,21.38,0,53,0,0,480,0,47
19,7,9,6,16,0,0,0,0,0,0,0,0,0,0,0,0,0,0,0,21.44,0,65,0,0,60,20,77
20,13,9,10,20,0,0,0,0,0,0,0,0,0,0,0,0,0,0,1,18.13,1,87.67,0,0,480,30,91
14,9,8,6.5,0,1,2,3,1,1,1,1,1,4,4,4,3,2,1,1,19.64,0,62.33,0,0,0,5,37.5
6,0,5,4,0,1,3,3,3,3,3,3,3,3,3,3,3,3,3,0,18.03,0,51,0,,,,24
2.5,6,2,4,5,5,5,10,5,5,10,5,20,20,20,20,20,20,20,0,19.61,0,44.5,0,0,0,30,30.5
22,8,9,10,13,2,6,6,6,6,6,6,6,6,6,6,6,6,6,0,32.67,1,81.33,0,0,0,0,80
8,6,0,0,0,2,8,8,8,8,8,8,8,8,8,8,0,8,8,0,19.61,0,63.33,0,0,0,0,29
19,12,4,0,14,2,8,2,2,2,8,2,4,6,6,8,6,6,2,0,18.82,1,86,0,0,0,0,70
15,5,4,0,5,5,15,15,15,15,15,15,20,20,15,20,20,10,10,0,18.77,0,75,0,0,180,0,29
10,10,7,9,11,5,20,10,5,15,20,5,25,25,25,25,20,25,25,0,20.81,0,84.33,0,0,0,0,65
11,0,6,9,3,5,20,20,5,15,15,5,25,5,5,5,20,5,5,0,18.29,1,71.57,0.5,0,0,0,42
5.5,0,2,4,15,5,20,5,25,20,5,5,25,25,25,25,25,25,25,0,22.10,0,72,0,60,0,0,26.5
9.5,0.5,2,3,11,5,25,20,15,20,15,15,25,25,15,25,20,20,20,0,18.14,0,77.67,0,0,15,0,35
5.5,0,1,1,6,10,30,20,30,30,40,40,40,40,20,30,40,30,30,0,25.19,0,46,0,0,0,0,25.5
4,7,2,4,0,10,30,30,30,30,50,40,50,50,50,50,50,40,30,0,24.54,0,62,0,0,0,0,26
21.5,6,7,0,11,10,30,30,40,30,30,20,50,40,40,30,40,30,20,0,18.79,1,71.67,0,0,0,0,59.5
20,7,4,5,9,10,30,30,30,30,30,30,30,30,30,30,30,30,30,0,20.44,1,71.57,0.5,0,0,0,45
8.5,9,9,8,17,10,30,20,10,10,10,10,40,40,40,40,40,10,20,1,18.18,1,75,0,10,0,0,51.5
14.5,0,3,0,15,7,35,28,28,14,21,14,7,7,7,7,7,7,7,0,17.81,1,61.33,0,0,0,5,32.5
13,12,9,1,13,10,40,10,10,40,40,40,40,40,40,20,40,40,40,0,18.31,1,79.33,0,0,0,0,65
20.5,13,9,10,22,10,40,40,30,40,40,30,50,40,40,40,40,30,40,0,18.54,0,84.5,0,20,0,0,74.5
5,4.5,2,2,7,10,40,40,50,40,40,20,50,50,40,50,40,10,40,0,19.14,0,66,0,30,30,0,32.5
20,13,8,9,18,10,40,20,30,20,20,20,20,40,30,30,40,30,20,0,18.09,1,74,0,0,180,60,87
12,1,0,0,0,15,45,45,45,45,60,45,30,60,60,30,60,60,60,1,21.93,0,63.2,0,0,0,0,19
7,0,0,0,0,15,45,45,45,45,45,45,45,45,45,45,45,45,45,0,18.20,1,45.17,0.5,2,2,0,7
17,7,9,8,6,12,48,48,48,48,48,48,60,48,48,60,48,48,60,0,18.51,0,69.33,0,0,0,0,60
21,8,9,9,21,25,50,125,125,75,25,25,100,100,75,50,100,75,100,0,18.35,1,85,0,0,0,0,85
7,7,9,3,20,10,50,40,30,40,30,30,40,40,40,40,40,40,40,0,17.65,0,77.67,0,0,30,0,46
18.5,0,2,2,7,10,50,40,50,50,30,40,30,30,40,30,30,40,30,0,20.06,0,68,0,,,,44.5
16.5,8,5,7,0,30,60,90,90,90,60,60,60,120,120,120,120,120,120,0,18.29,1,63.67,0,0,0,0,49.5
17,7,9,8,6,15,60,60,15,60,75,60,75,75,75,75,60,75,30,0,18.51,0,69.33,0,0,0,0,60
19,0,6,0,11,15,60,60,60,60,60,45,75,60,60,60,60,60,60,0,17.94,1,80.67,0,0,0,0,36
13.5,8,8,6,15,15,60,60,60,15,45,45,60,60,45,45,60,45,45,0,22.04,1,62.2,0.5,0,0,0,50.5
8,3,9,2,5,15,60,30,45,30,75,60,75,75,75,75,60,75,60,0,21.99,1,60,0,60,0,0,42
19.5,5,9,2,7,15,60,45,60,45,15,15,30,15,15,15,30,30,30,0,17.49,0,83.67,0,0,180,0,59.5
20,2,5,4,21,15,60,60,60,60,45,30,60,60,60,60,60,45,60,0,19.63,1,80.27,1,120,20,5,67
9,12,9,9,5,15,60,60,30,45,45,30,60,60,60,60,60,45,45,0,19.71,0,64,0,0,0,15,44
23,13,9,6,19.5,15,60,60,45,45,60,60,75,75,75,75,60,75,75,1,19.29,0,91.33,0,0,0,240,90.5
13.5,9,6,3,14,16,64,16,16,48,32,16,48,32,32,32,32,32,32,1,17.73,0,77.5,0,14,5,0,45.5
15.5,8,6,0,18,15,75,75,75,30,60,30,75,60,60,60,60,60,60,0,17.74,0,73,0,0,0,0,47.5
22,13,9,3,20,15,75,45,30,75,30,30,75,75,75,75,75,75,75,1,17.66,0,78.67,0,0,120,0,67
16.5,11,4,2,9,15,75,60,60,60,45,45,75,75,60,75,60,60,60,0,17.74,0,82.67,0,15,300,10,55.5
14.5,1,6,2,1,15,75,45,30,30,60,30,75,60,60,30,60,60,30,0,17.69,0,75.67,0,0,60,45,40.5
17,6,0,2,13,15,75,60,60,75,75,60,75,60,30,30,60,45,45,0,17.94,0,79,0,0,210,60,51
14.5,7,7,10,0,20,80,80,80,80,60,80,20,80,80,80,80,80,80,0,20.55,0,75.67,0,0,0,0,52.5
6,12,8,5,16,20,80,80,100,80,60,40,80,80,80,80,80,80,80,1,25.80,1,69.33,0,10,20,0,66
19,8,9,6,0,20,80,20,20,80,80,80,80,80,80,80,80,80,80,0,17.87,1,84.33,0,0,240,0,42
19.5,8,9,6,5,20,80,80,60,80,80,80,20,40,40,80,40,40,40,0,19.03,0,70.33,0,0,0,60,60.5
10.5,1,7,0,0,20,80,80,80,80,80,80,80,100,100,100,80,100,100,0,20.28,0,64.67,0,0,0,120,37.5
13.5,1,1,2,12,30,90,60,120,60,120,90,150,150,60,150,120,150,90,0,19.53,0,68.67,0,0,60,0,43.5
7,0,3,1,1,30,90,120,120,120,90,90,90,120,120,120,150,150,120,0,28.24,0,75,1,144,60,0,12
5,9,7,4,0,30,90,90,90,90,90,60,120,120,120,120,120,120,120,0,21.48,0,47,0,0,60,10,34
15.5,13,9,10,21,30,90,30,30,30,90,30,120,120,150,120,120,120,120,0,20.36,0,81.67,0,0,0,60,68.5
11,11,9,8,6,20,100,100,100,100,80,100,100,100,80,100,100,100,100,1,18.64,1,71,0,0,0,0,53
17.5,8,8,4,17,20,100,80,60,80,60,60,80,100,80,100,60,80,80,0,18.09,0,79.67,0,0,900,0,68.5
15,8,2,0,6,20,100,60,80,80,80,80,80,100,80,80,80,60,100,0,19.22,1,71.67,0,2,0,60,42
16,4,4,0,2,30,120,120,120,120,90,90,120,90,90,120,120,90,90,1,19.69,0,64.33,0,0,0,0,35
8,0,8,5,19,30,120,120,120,60,120,60,150,150,120,150,120,120,150,0,22.33,0,80.33,0,0,0,0,57
20,12,9,9,20.5,30,120,90,120,90,30,60,120,120,120,60,120,120,90,0,17.88,0,85,0,0,0,0,70.5
19.5,11,6,3,15,30,120,90,90,60,90,90,150,150,150,150,150,150,150,1,17.79,1,88,0,0,0,0,54.5
23,11,5,2,9,30,120,150,90,120,60,60,150,150,150,120,120,90,90,0,18.13,0,77,0,10,0,0,50
9.5,8,7,5,18,30,120,120,120,120,120,90,120,120,120,150,120,120,90,0,18.74,0,87,0,5,45,0,47.5
18.5,2,5,8,16,30,120,120,120,120,120,90,150,120,120,60,120,30,120,0,19.53,0,77.67,0,0,60,0,70.5
13,4,5,2,21,24,120,96,120,96,96,48,120,120,120,120,120,120,120,0,18.25,1,74,0,0,120,0,45
15,0,2,1,11,30,120,120,90,90,120,120,120,120,120,120,120,120,120,0,18.33,0,71.67,0,0,180,0,44
19,12,9,4,7,30,120,120,120,120,90,90,120,120,120,120,120,120,120,0,17.89,0,73.67,0,0,180,0,51
18.5,13,9,8,17.5,30,120,120,90,150,120,90,150,120,120,120,150,120,90,1,26.69,1,74.48,0,0,0,20,66
14.5,0,2,0,14,30,120,120,90,90,120,60,120,120,120,120,120,120,120,0,18.30,0,64.67,0,0,20,60,30.5
14,1,4,3,19,30,120,90,90,90,30,60,150,150,90,150,120,120,120,0,19.79,0,62,2,,60,,52
17.5,1,7,7,9.5,25,125,100,125,75,50,50,100,100,100,100,100,50,75,0,17.45,1,71.33,0,0,0,0,61
11,11,3,5,9,35,140,105,105,105,105,70,70,105,105,70,175,70,70,1,20.66,0,58.33,0,0,0,0,39
20,12,7,9,17,35,140,105,105,70,140,105,140,140,140,140,140,140,140,0,21.03,1,81.67,0,0,0,0,82
5,0,0,4,8,30,150,120,60,90,90,60,150,150,150,150,120,150,150,0,18.10,0,76,0,0,0,0,34
16.5,7,7,8,11.5,30,150,150,150,150,120,150,60,120,120,120,90,90,90,0,19.88,0,67,0,5,0,0,65
11.5,11,9,9,10.5,30,150,120,90,120,90,90,120,120,120,120,120,120,120,0,19.72,1,83.67,0,0,5,0,67
20,8,9,6,22,30,150,150,150,60,120,120,150,150,150,150,150,120,90,0,18.30,0,76,0,5,15,0,65
20,13,7,10,22,30,150,150,150,150,150,120,150,150,150,150,150,150,150,0,18.74,0,79.33,0,5,20,0,72
22,13,6,3,12,30,150,120,120,90,90,90,150,150,120,120,120,150,150,0,22.50,0,89.33,0,15,45,0,75
12,6,2,2,5,30,150,90,30,60,60,30,120,150,150,150,120,60,150,0,17.84,0,70,0,0,60,0,41
8,2,5,6,13,30,150,120,90,90,120,90,150,90,90,120,120,60,60,0,18.03,1,71.33,0,0,60,0,46
19,12,4,10,17,30,150,120,120,120,120,120,120,150,150,150,120,150,150,0,18.56,1,77,0,0,60,0,79
13.5,0.5,0,3,7,30,150,150,120,120,90,90,150,150,90,150,90,90,90,0,18.08,1,84.67,0,0,60,0,35
19,1,4,4,20,30,150,120,150,120,120,60,150,120,120,120,150,120,150,0,17.80,0,83,0,0,120,0,48
14,0,4,1,18,30,150,120,150,120,90,60,150,150,150,150,120,90,90,0,18.99,1,70.64,1,0,120,0,53
18.5,13,9,10,16,30,150,90,120,120,60,60,120,150,120,120,90,90,60,0,18.18,0,76,0,0,180,0,83.5
21,11,9,9,15,30,150,120,150,120,120,90,150,150,150,90,120,150,120,1,19.13,1,73.57,1,0,180,0,86
22,11,7,6,4,30,150,90,120,120,90,90,90,90,90,90,60,90,90,0,17.93,0,80,0,0,300,0,50
12.5,13,9,10,18,30,150,150,150,150,120,60,150,150,90,150,150,120,120,0,17.83,1,84.67,0,0,360,0,62.5
15.5,9,1,6,7,30,150,150,60,150,150,30,150,150,150,150,120,150,150,0,17.79,1,63.67,0,1,480,5,51.5
17,7.5,8,2,13,30,150,150,120,150,30,30,60,60,60,60,60,60,60,0,18.23,0,74,0,0,1200,5,59.5
8.5,0,3,5,9,30,150,150,150,150,150,150,150,150,150,150,150,150,150,0,19.40,0,70,0,0,0,30,38.5
13,0,0,0,0,30,150,150,150,90,120,60,150,150,150,150,120,150,150,0,37.59,1,64,0,360,120,30,26
12.5,1,2,3,6,30,150,150,60,150,120,30,150,150,150,150,120,150,150,0,17.74,0,59.33,0,0,182,41,36.5
8,0,8,9,0,30,150,120,90,120,120,90,90,120,120,120,120,60,90,0,19.94,0,58.67,0,0,0,60,40
24,11,9,9,17,30,150,150,150,90,30,30,150,150,150,30,90,90,30,0,18.22,1,78.67,0,5,0,60,70
17,5,6,0,16,30,150,120,120,150,30,60,120,150,150,120,120,60,30,0,19.19,1,73.89,1,0,120,60,65
19.5,7,6,7,10,30,150,60,90,90,30,30,120,120,90,30,120,120,90,0,18.11,0,68,0,15,120,60,62.5
15.5,6,5,0,14,30,150,90,120,120,150,120,120,90,0,120,120,150,120,0,17.61,1,67.33,0,240,245,60,51.5
5.5,0.5,2,2,6,30,150,60,30,30,120,30,150,120,120,90,120,90,120,1,17.60,0,64.67,0,0,120,540,28
22,12,9,10,11.5,40,160,40,160,120,160,120,160,160,160,160,120,120,160,0,19.98,0,84.67,0,0,0,0,84.5
11,6,9,9,15,40,160,160,120,160,160,160,80,160,160,160,160,160,120,0,21.38,0,83,0,0,60,0,66
17,10,6,5,19,40,160,160,160,80,120,120,160,160,120,160,160,160,120,1,18.18,1,81.33,0,0,30,120,71
8,0,6,7,16.5,35,175,140,140,175,175,140,175,175,175,140,140,175,175,0,19.10,1,74.33,0,0,8,0,51.5
6.5,0,3,1,9,60,180,240,180,240,180,180,240,240,240,180,180,180,60,1,18.46,1,73.33,0,0,15,0,28.5
12,0,6,6,10,60,180,240,180,120,300,180,300,240,240,120,240,180,180,1,17.92,0,72.33,0,0,20,0,49
19.5,0,8,4,15,60,180,300,300,300,300,240,300,300,300,300,180,240,240,0,18.06,1,82.67,0,0,30,0,61.5
15,13,7,6,18,60,180,240,240,180,180,180,240,240,180,240,240,240,240,0,21.39,1,89.67,0,10,60,0,75
13,1,2,6,18,60,180,180,180,240,180,180,180,180,180,180,180,180,180,0,18.35,1,71.67,0,180,60,0,40
10,13,7,10,5,60,180,300,300,240,120,60,60,120,60,180,120,120,120,0,20.76,1,68,0,0,120,0,59
19,13,5,5,11,45,180,180,180,180,180,135,90,180,135,90,90,180,90,0,18.77,0,64,0,0,600,300,70
15.5,0,0,0,11,62,186,186,248,248,124,248,248,248,248,248,124,248,310,0,17.54,1,79.67,0,0,0,0,40.5
19,10,6,10,12,40,200,120,160,160,160,160,200,200,200,200,160,200,160,0,18.23,0,76.33,0,0,0,0,74
19,7,9,10,9,50,200,200,200,200,100,100,100,150,100,100,100,150,50,0,17.81,1,79.67,0,0,30,0,71
15.5,2,2,3,10,40,200,200,200,200,200,40,200,120,160,200,120,160,40,0,18.36,0,74,0,0,120,0,45.5
7.5,8,8,10,4.5,40,200,200,200,160,160,200,160,160,80,160,160,160,160,0,21.61,1,59.27,2.5,0,120,0,49
21,8,9,4,20,41,205,205,164,123,164,41,41,41,41,41,41,123,164,1,18.39,0,77.67,0,0,120,0,62
17.5,9,4,5,4,70,210,280,210,280,280,210,140,210,210,140,140,210,210,1,22.70,0,66,0,0,180,0,52.5
8,3,5,2,17,45,225,225,225,135,180,90,225,225,225,225,180,225,225,0,17.92,0,68.33,0,0,60,0,51
16.5,13,9,5,14,45,225,225,135,180,135,45,180,90,135,180,180,135,45,0,18.13,1,75,0,0,120,0,71.5
15,0,3,2,6,45,225,225,225,225,90,135,180,180,180,180,180,180,180,0,18.95,0,75.77,0,0,240,0,38
15.5,12,2,7,9,45,225,225,180,180,180,135,180,180,180,180,180,135,180,0,20.12,1,77,0,0,5,240,57.5
0,0,0,0,0,60,240,180,180,180,240,180,240,240,240,240,240,240,240,0,28.99,1,45.33,0,0,0,0,9
7.5,0,1,2,0,60,240,240,240,240,240,240,240,240,240,240,240,240,240,0,25.83,1,51.33,0,0,0,0,23.5
9.5,0,6,6,11,60,240,240,60,240,240,120,240,120,120,240,240,240,120,0,18.24,1,59,0,0,0,0,43.5
18.5,1,7,4,9,60,240,240,240,240,180,180,240,120,180,180,180,240,240,0,23.45,0,69.67,0,0,0,0,55.5
10.5,0,0,0,0,60,240,180,240,240,300,240,300,300,300,120,300,300,300,0,25.63,0,45.83,0.5,0,0,0,10.5
19,9,9,6,8,60,240,240,240,240,240,240,240,240,240,240,240,240,240,0,26.33,1,59.5,0.5,0,0,0,66
10.5,3,7,3,5,60,240,180,180,180,240,180,300,240,240,240,240,240,240,0,21.60,1,54.69,3,0,0,0,40.5
14,11,6,7,19,60,240,240,300,240,120,180,300,300,300,300,240,300,300,0,19.14,0,72.62,1,5,0,0,72
19,13,9,4,18,60,240,240,300,240,120,240,240,240,240,240,240,240,240,0,25.28,1,74.33,0,20,0,0,80
8,0,9,10,4.5,60,240,300,240,240,180,120,240,180,180,240,240,240,240,0,24.24,1,59,3.5,30,0,0,46.5
20.5,13,9,9,19,60,240,180,180,60,240,240,300,240,300,300,240,300,300,0,18.11,1,78,0,0,10,0,90.5
8.5,0,2,0,7,60,240,180,240,120,120,60,300,180,180,240,240,180,300,0,23.11,1,65.67,0,0,30,0,28.5
15,5,6,4,16,60,240,240,240,60,240,120,240,240,240,240,240,240,240,0,17.59,0,74,0,0,60,0,46
11.5,8,8,10,15,60,240,240,240,240,240,180,240,240,180,180,240,240,120,0,19.39,0,75.29,0.5,30,60,0,70.5
3,9,0,0,5,60,240,180,180,240,240,180,120,240,240,180,240,240,240,0,21.66,0,63.04,3.5,60,60,0,32
23.5,9,4,10,0,60,240,240,180,300,180,180,180,180,180,180,180,180,240,0,20.85,1,77.33,0.5,0,120,0,63.5
11.5,0,6,1,14,60,240,240,240,240,240,180,300,300,300,240,300,300,300,0,22.14,0,60.67,0,0,180,0,32.5
6.5,0,6,5,15,60,240,240,240,180,180,180,300,300,300,240,240,180,300,0,17.80,1,70,0,0,180,0,49.5
16.5,7,8,3,19,60,240,240,240,240,240,120,240,240,120,120,240,120,120,0,18.07,0,86,0,0,180,0,53.5
23,13,9,10,21,60,240,240,240,240,180,180,240,120,120,180,240,180,120,0,18.35,1,87.33,0,0,180,0,95
13,0,2,8,12,60,240,300,180,240,240,240,300,300,240,240,300,300,300,1,19.83,0,68.33,0.5,0,180,0,55
15.5,3,9,6,2,60,240,300,180,300,120,120,120,300,240,300,240,180,120,1,18.61,1,75.67,0,30,180,0,48.5
2,0,0,0,0,60,240,240,300,240,240,240,240,240,240,240,240,240,240,0,18.38,1,58.33,0,0,420,0,2
3.5,4,1,4,8,60,240,240,300,300,180,180,240,240,240,240,240,240,240,0,18.06,0,56,0,0,840,0,33.5
7,9,2,0,8,60,240,180,240,240,180,240,240,180,180,180,240,240,240,0,26.23,0,55.7,1.5,300,0,30,41
23,12,9,10,16,240,240,720,960,720,720,480,1200,1200,1200,1200,960,1200,1200,0,18.38,0,80,0,5,30,30,89
14.5,8,9,4,13.5,60,240,240,240,240,240,180,240,240,240,240,240,240,120,0,19.32,1,74.33,0,0,60,30,66
16,9,9,6,2,60,240,240,240,240,240,240,240,240,240,240,240,240,240,0,19.99,0,65.29,0.5,0,0,60,61
18,12,9,10,17,60,240,300,300,240,240,120,240,240,240,240,240,240,240,0,37.91,1,82.8,0.5,0,0,60,86
18,10.5,9,9,10,60,240,300,240,300,180,180,240,60,60,120,240,240,120,0,18.84,1,74,0,0,120,60,73.5
14,0,0,2,1.5,60,240,240,240,240,240,240,240,240,240,240,240,240,240,0,27.85,1,66,1.5,60,240,180,33.5
12,7,2,9,0,61,244,244,244,183,183,183,305,244,244,244,244,244,244,0,20.54,1,47.67,0,0,0,0,43
23,7,9,6,21,65,260,260,195,260,260,195,260,260,260,260,260,195,195,0,17.93,0,85.69,0,0,1200,0,87
11.5,5,0,1,8,67,268,335,268,335,268,268,268,201,134,268,268,134,201,0,17.78,0,79.33,0,,,,40.5
0,0,0,0,0,70,280,280,280,280,210,210,280,280,280,280,280,280,280,0,21.49,0,43.4,2,0,60,0,11.5
6,0,0,0,5,60,300,240,240,300,300,300,240,60,60,60,180,60,60,0,24.29,1,44.67,0,0,0,0,18
20,7,7,1.5,8,60,300,300,300,240,240,180,300,300,300,300,240,300,300,1,20.43,0,63.78,0,0,0,0,58.5
16.5,7,0,1,7,60,300,240,240,180,240,180,240,240,180,240,240,240,180,0,20.18,1,69.67,0,0,0,0,44.5
17.5,6,5,5,9,60,300,240,120,180,180,240,240,300,300,240,240,300,240,0,17.89,1,74.33,0,0,0,0,42.5
6,7,6,10,0,60,300,240,240,240,180,240,300,180,180,180,240,300,180,1,24.74,1,74.67,0,0,0,0,46
20,12,9,9,13,60,300,180,180,240,240,180,300,240,240,240,240,240,240,1,20.25,0,83,0,0,0,0,63
13,12,5,5,18,60,300,300,300,300,240,180,300,60,60,120,240,300,60,0,19.64,1,64.89,1,0,0,0,66
16.5,12,9,2,0,60,300,300,180,120,180,120,300,120,120,240,240,300,120,0,19.28,1,77,0,5,0,0,53.5
18,10,6,9,17,60,300,240,240,240,300,180,240,180,180,180,180,180,180,0,17.77,1,72,0,0,20,0,75
19,11,9,4,9.5,60,300,240,300,300,120,180,300,300,300,300,240,300,300,0,18.89,1,72,0,0,20,0,69.5
9.5,0,8,9,16,60,300,300,180,300,180,120,300,300,180,240,300,180,240,0,18.30,0,74.67,0,0,20,0,42.5
9,12,6,6,8.5,60,300,300,300,240,180,180,300,240,240,300,300,300,120,0,20.73,1,77,0,0,25,0,57.5
17,1,5,4,12,60,300,300,300,300,300,240,300,240,240,240,240,120,60,0,19.55,1,64.5,0,0,30,0,55
23,11,9,9,22,60,300,240,120,240,120,120,300,120,240,300,300,120,300,0,17.67,0,78,0,0,30,0,74
9.5,0,2,2,5,60,300,240,240,300,180,180,300,300,300,300,300,300,300,0,19.96,0,72.5,0.5,5,30,0,18.5
0.5,0,2,5,1,60,300,240,240,240,120,180,240,240,240,240,240,180,240,0,29.53,1,54.5,0,0,60,0,23.5
15.5,6,2,0,0,60,300,240,180,180,240,180,300,240,240,180,240,240,180,0,22.79,0,66.67,0,0,60,0,40.5
18,2,9,9,20,60,300,300,120,300,300,300,300,300,300,300,240,300,300,0,18.06,1,77.62,0,0,60,0,77
20,7.5,7,10,20,60,300,240,300,240,240,60,300,300,300,240,240,300,240,0,20.89,1,81.5,0,15,60,0,81.5
17,13,7,4,19,60,300,300,240,300,240,240,240,300,240,300,240,120,180,0,17.84,0,82,0,0,90,0,79
19.5,1,9,6,15,60,300,240,240,240,180,180,300,240,240,180,240,240,240,0,17.90,0,85.67,0,0,90,0,69.5
15.5,12,9,10,9,60,300,240,120,240,240,120,300,240,120,240,240,240,120,0,22.35,1,64,0,15,90,0,69.5
7.5,0.5,2,0,3,60,300,240,240,240,240,180,300,300,300,300,240,300,300,0,17.97,0,58.33,0,0,120,0,28
12.5,0,7,3,11,60,300,180,240,180,240,120,300,240,180,300,300,240,180,0,18.72,0,58.67,0,0,120,0,33.5
,,,,,60,300,240,240,240,300,180,300,300,240,240,240,300,300,0,18.27,0,61.33,0,0,120,0,
19.5,7,0,1,18.5,60,300,240,240,240,180,120,300,300,300,300,240,300,300,0,19.01,1,67.67,0,0,120,0,60
13,0,9,4,15,60,300,180,240,120,180,240,300,300,300,120,300,120,300,0,18.74,1,72.33,0,0,120,0,41
10.5,2,0,0,0,60,300,300,300,300,120,180,300,300,300,300,240,240,300,0,18.35,1,73,0,0,120,0,25.5
17,0,4,3,11,60,300,240,240,240,240,240,300,300,300,300,240,300,300,0,18.13,0,77.54,0,0,120,0,48
19,13,8,9,14,60,300,240,240,240,240,180,240,180,180,240,240,180,180,0,18.15,0,78.67,0,0,120,0,63
20.5,10,8,5,17,60,300,240,180,60,240,120,180,240,240,240,240,240,180,1,18.14,1,74,0,30,120,0,75.5
12.5,1,9,3,15,60,300,240,300,300,240,240,300,300,300,300,300,300,240,0,18.30,0,70,0,0,180,0,40.5
19.5,1,9,8,15,60,300,240,180,300,300,240,300,300,300,180,300,300,300,0,17.66,0,79.67,0,0,180,0,52.5
6.5,0,2,2,5,60,300,300,240,240,180,120,240,240,240,240,180,180,180,0,20.76,0,54.33,0,10,180,0,28.5
12,0,4,2,12,60,300,300,120,240,120,120,120,300,240,240,240,240,180,0,18.62,1,81.33,0,20,200,0,30
13.5,0,0,0,6,60,300,240,300,180,180,120,240,240,180,240,240,240,240,0,18.52,0,60.05,0.5,0,240,0,33.5
16,0,0,0,7,60,300,300,300,300,300,240,300,300,300,300,240,300,300,0,17.39,1,70,0,10,240,0,40
11,0,6,10,14,60,300,240,240,300,180,120,300,240,240,240,300,300,240,0,23.35,0,72.35,4.5,10,240,0,56
18.5,6,8,2,14,60,300,240,300,240,180,180,120,180,240,180,180,180,120,0,18.30,1,75.33,0,60,300,0,48.5
20,8,5,6,15,60,300,240,240,240,240,120,300,300,300,120,240,300,120,0,18.63,0,78,0,0,420,0,70
14,3,7,6,21,60,300,240,240,240,180,180,240,240,240,240,240,240,240,0,18.07,0,78.33,0,0,480,0,51
15.5,4,1,6,15,60,300,240,240,300,300,240,300,240,240,300,240,240,240,0,18.43,0,78.69,0,0,540,0,54.5
,,,,,75,300,375,375,375,300,225,300,375,375,300,300,300,300,0,23.47,1,31,0,0,600,0,
17,10,9,1,7,60,300,240,300,240,240,180,240,120,120,60,240,240,240,0,18.79,0,47.33,0,0,1200,0,44
16.5,9,6,10,14,60,300,300,300,300,240,180,300,300,300,300,240,180,300,0,18.29,0,78.33,0,0,180,5,73.5
19.5,7,9,1,18,60,300,300,240,240,240,120,240,240,180,240,240,180,180,0,18.32,0,76.67,0,0,60,40,54.5
15.5,8,9,4,5,60,300,240,240,240,240,120,240,180,240,240,240,240,180,0,21.08,1,60.32,3,30,0,60,57.5
17,1.5,4,3,16,60,300,60,180,60,240,60,240,240,240,240,240,240,240,1,22.45,1,75.5,0,0,30,60,54.5
0,0,0,0,3,60,300,300,300,300,300,300,300,300,300,300,240,300,300,0,19.11,0,46,0,,,,13
14.5,0,5,1,6,60,300,180,180,240,240,180,240,240,180,240,240,240,240,0,18.47,0,69.67,0,,,,41.5
9.5,5,4,5,8,67,335,268,335,268,201,268,201,268,268,268,268,268,268,0,18.49,0,67.33,0,1,60,30,31.5
22,8,9,10,18,70,350,350,140,280,140,70,350,350,350,350,280,350,350,1,18.02,1,80.33,0,10,444,0,84
15,0,5,4,12,90,360,360,270,360,360,270,450,450,450,450,450,450,450,0,21.54,1,48.33,0,0,0,0,45
3.5,8,0,2,0,90,360,360,270,270,270,270,360,360,360,360,270,270,270,1,18.75,1,59,0,0,0,0,24.5
14,1,5,7,13.5,120,360,480,480,480,240,240,480,480,480,360,360,480,240,0,22.10,0,63.33,0,0,0,0,49.5
0,0,0,0,0,120,360,480,240,480,480,480,600,600,600,600,600,600,600,0,19.31,1,44,0.5,0,0,0,0
11,7,8,8,21,90,360,360,360,450,360,270,360,360,360,360,360,270,270,0,17.81,1,84,0,30,0,0,55
20,7,9,4,18,90,360,450,360,360,90,90,450,270,360,270,450,270,360,0,17.46,1,78.33,0,210,0,0,58
19,0,4,6,6,90,360,360,360,360,360,270,360,360,360,360,360,360,360,1,18.88,0,80.56,0,0,5,0,51
17,12,2,4,4,90,360,360,360,360,360,360,270,270,270,270,360,360,360,0,18.23,0,72.33,0,0,30,0,51
17.5,9,4,5,4,120,360,360,360,360,360,360,360,480,480,240,480,360,360,1,22.70,0,66,0,0,60,0,52.5
11,0,9,0,15,90,360,360,360,360,360,360,450,450,360,450,360,450,450,0,20.48,1,71.33,0,0,60,0,46
16.5,11,4,2,9,90,360,270,450,270,360,270,360,360,360,360,270,360,360,0,17.74,0,82.67,0,0,60,0,55.5
19.5,6,9,6,9,90,360,270,360,360,180,270,270,360,360,270,270,270,270,0,20.03,1,83,0,0,60,0,68.5
16.5,8,9,9,13,90,360,270,450,450,270,90,450,450,450,360,360,450,450,0,17.92,0,77.67,0,0,90,0,73.5
18,12,9,9,10,90,360,360,360,360,180,90,450,450,450,450,450,450,450,0,26.09,0,84.18,1,120,120,0,58
8.5,12,10,4,6,90,360,360,360,360,270,270,360,360,360,270,360,360,180,0,17.93,1,62,0,0,180,0,53.5
19.5,13,8,10,13.5,120,360,480,480,480,360,360,600,600,600,600,600,480,600,0,19.41,1,71.14,1.5,180,600,0,84
14.5,5,2,1,0,90,360,270,270,270,450,360,360,360,360,450,360,360,360,0,18.78,0,59.17,0.5,0,0,45,31.5
18,9,7,6,12,90,360,360,360,360,450,360,450,450,450,450,360,450,450,0,21.05,0,62,0,0,80,60,66
10.5,12,9,5,16,80,400,320,320,400,320,320,320,400,400,400,320,320,240,0,17.63,0,73.67,0,0,1440,0,71.5
14.5,1,9,8,11,105,420,420,420,420,315,210,420,315,420,420,420,210,420,0,18.00,0,79.67,0,0,180,0,59.5
12,1,0,0,5,90,450,360,360,270,450,180,450,180,450,270,360,360,450,0,25.09,0,64.38,4,35,0,0,29
19.5,11,5,8,9,90,450,450,270,450,270,270,360,360,360,270,270,270,450,1,18.09,0,70,0,0,30,0,52.5
10.5,8,9,6,15,90,450,270,270,360,270,270,450,360,360,270,270,360,270,0,17.91,1,78,0,0,60,0,61.5
23.5,13,9,10,15,90,450,360,360,360,270,360,360,180,360,270,360,270,360,0,18.71,1,89.14,0.5,0,60,0,90.5
13,7.5,2,2,11,90,450,360,360,360,270,270,450,450,450,450,360,450,450,0,25.31,0,78,0,30,60,0,51.5
20,1,9,10,21,90,450,450,450,450,450,450,450,450,360,450,360,360,360,0,17.83,0,87.15,0,60,60,0,78
20,0,9,10,13,90,450,450,450,450,360,360,450,360,450,360,450,450,450,0,19.49,0,60.33,1,10,180,0,52
19,9,9,2,19,90,450,360,270,360,360,270,450,360,360,360,360,360,360,0,19.18,0,77.67,0,0,300,0,72
13.5,7,4.5,10,13,90,450,450,450,360,90,90,180,270,180,270,180,270,180,0,18.49,1,80.67,0,0,420,0,64
9.5,0,2,0,17,90,450,360,360,360,360,180,360,360,360,360,360,360,360,0,18.06,0,73,0,0,480,0,42.5
20,0,9,10,16,90,450,450,450,450,360,270,450,450,450,360,360,360,450,0,17.07,1,86.33,0,0,600,0,74
13,1,2,5,14,90,450,360,360,270,360,180,360,360,360,360,360,360,360,0,17.91,0,69.5,0,0,792,0,35
20,13,7,3,15,90,450,450,450,450,270,180,360,360,180,180,360,180,180,0,18.20,0,80.67,0,10,20,5,58
20.5,5,6,2,17.5,90,450,450,450,360,360,360,180,360,270,360,450,270,180,1,18.54,0,73.67,0.5,0,30,10,69
21.5,0,9,9,10,90,450,450,450,450,450,450,450,450,450,450,450,450,450,0,18.56,1,79,0,35,150,15,69.5
14,8,7,5,12.5,90,450,360,360,270,90,90,360,360,90,90,90,90,90,0,20.58,0,74.86,0,0,120,20,62.5
17.5,9,7,10,10.5,90,450,450,360,360,450,450,450,450,450,450,450,450,450,0,18.01,1,86.33,0,0,60,60,54
4,0,0,0,0,90,450,450,360,270,180,360,360,450,450,360,360,270,360,0,19.69,1,54,0,60,120,60,4
17.5,6.5,3,2,18,90,450,270,270,450,180,90,360,450,450,450,270,450,450,0,17.74,0,68.67,0,0,240,120,61
20,8,9,10,22,90,450,360,450,360,360,270,450,450,450,450,450,360,450,0,18.50,1,83.67,0,0,270,360,69
16.5,1,9,6,10,90,450,450,450,90,360,270,450,450,450,450,450,450,450,0,17.61,1,81.33,0,0,0,840,42.5
6.5,2,0,0,0,120,480,480,480,480,480,480,480,480,480,480,480,480,480,0,22.93,0,48.67,0,0,0,0,16.5
12,0,0,0,6,120,480,360,360,600,360,360,360,360,360,360,360,360,360,1,23.10,1,56.33,0,0,0,0,27
6.5,8,2,2,0,120,480,480,480,240,480,360,480,360,360,360,240,360,360,0,25.15,0,69.86,0,0,0,0,29.5
22,13,2,8,9,120,480,600,360,480,240,240,240,240,240,240,240,240,360,0,21.31,0,75,0,0,0,0,68
10.5,12,4,4,6,120,480,480,480,480,480,480,240,240,240,240,240,240,240,0,18.77,1,78.67,0,0,0,0,50.5
4,7,0,4,3,120,480,360,480,480,480,480,360,360,480,480,360,480,480,0,19.91,1,59.67,0,1,0,0,29
21.5,0,9,8,22,120,480,600,600,120,120,120,480,480,480,480,480,480,480,1,27.11,0,74.67,0,60,0,0,60.5
23,13,9,10,17,120,480,480,480,480,240,360,480,480,480,120,480,360,360,0,21.23,1,77.14,0.5,60,0,0,92
7.5,0.5,0,0,7,120,480,480,480,480,480,480,480,600,600,480,480,600,600,0,18.61,1,72.64,1,60,0,0,25
17.5,6,5,5,17,120,480,600,600,480,480,480,600,600,600,600,480,600,600,0,21.67,1,71.67,2,60,0,0,65.5
11.5,0,6,2,12,120,480,600,600,480,240,360,600,600,600,600,480,0,600,1,19.66,0,70.93,0,0,5,0,42.5
19.5,13,9,9,19,120,480,480,480,360,480,240,600,360,360,360,480,480,480,1,21.90,0,79,1,0,20,0,88.5
17,9,9,7,13,120,480,480,600,600,240,240,120,480,480,480,480,480,480,0,18.51,1,82.67,0,0,30,0,69
16,2,0,2,4,120,480,480,360,480,360,480,480,480,480,480,480,480,480,0,22.69,1,61.67,0,0,60,0,39
8,2,4,7,7,120,480,480,480,480,480,240,360,480,480,600,480,480,480,0,18.61,1,67,0,0,60,0,41
9,0,0,2,8.5,120,480,600,600,600,360,360,480,600,600,600,480,360,600,0,17.45,1,67.33,0,0,60,0,33.5
9,0,0,0,7,120,480,480,480,480,240,480,480,120,480,120,480,480,480,0,28.02,0,67,0,10,60,0,30
20.5,5,6,4,14,120,480,480,480,360,480,360,360,480,480,480,360,360,480,1,17.78,1,75,0,10,60,0,67.5
10,7,5,5,7,120,480,480,360,480,480,480,480,480,480,480,480,480,480,0,18.08,1,65.67,0,0,120,0,48
15,12,9,8,10,120,480,480,480,480,480,240,600,600,240,600,600,360,600,0,21.59,0,79,0,0,120,0,71
14,8,5,5,15,120,480,480,600,480,480,240,480,480,360,480,480,360,240,0,17.45,0,67,0,1,120,0,47
17.5,8,6,2,14,120,480,600,600,360,360,360,360,480,360,480,480,480,360,0,18.25,1,65.67,0,0,180,0,47.5
15,13,0,2,4,120,480,480,480,480,480,480,480,480,480,480,480,480,480,0,18.36,0,70.15,0,0,180,0,46
10.5,1,2,2,6,120,480,480,480,480,240,240,480,480,480,480,480,360,360,0,18.75,0,70,1,0,180,0,21.5
7.5,0.5,2,0,3,120,480,480,480,480,480,480,480,480,480,480,480,480,480,0,17.97,0,58.33,0,0,300,0,28
13,1,2,1,12,120,480,360,480,480,360,240,480,480,480,480,480,480,480,0,18.79,0,75,0,0,300,0,44
10,12,2,2,17,120,480,600,480,600,480,480,600,480,480,480,480,480,480,0,17.91,0,64.33,0,0,360,0,63
17.5,9,4,5,10.5,120,480,480,480,480,480,480,600,600,600,600,480,480,600,0,17.92,1,67.67,0,0,360,0,60
13,8,5,4,15,120,480,480,360,480,480,360,600,600,600,600,480,480,240,0,19.65,0,67.88,1,0,360,0,45
17.5,1.5,5,4,18,120,480,480,480,360,240,240,480,600,360,600,480,360,360,0,18.07,0,83,0,0,600,0,66
10,2,2,2,16,120,480,480,480,480,360,360,480,480,480,480,480,480,480,0,18.35,0,61,0,20,600,0,32
22,12,7.5,10,16,120,480,480,480,480,480,240,600,600,600,600,480,600,600,0,18.18,1,80,0,0,120,5,82.5
7,7,9,2,18,120,480,360,480,360,360,360,600,600,600,600,480,480,600,0,21.83,1,67.48,2,60,120,30,58
6,1,0,0,8,120,480,480,480,480,480,480,480,480,480,480,480,480,480,0,18.21,0,71.67,0,0,240,60,27
22.5,0,9,9,8,120,480,240,480,480,360,240,480,240,240,120,480,480,480,0,21.02,1,69.88,0,10,10,180,65.5
17,9,6,7,18,120,480,480,480,480,480,480,480,480,480,360,480,480,480,0,23.09,1,55.83,2.5,,,,77
12.5,0,5,9,9,123,492,615,492,492,492,369,615,492,492,492,492,492,492,1,18.77,1,83.67,0,0,120,0,54.5
17.5,10,9,10,12.5,126,504,504,252,504,504,378,504,504,504,504,504,504,504,1,18.43,1,81.08,0,121,240,1,76
8,0,6,3,9,130,520,520,650,390,390,650,390,650,650,650,650,520,260,0,19.76,1,66.27,0,0,0,0,26
12.5,1,6,2,7,105,525,525,525,525,420,420,525,525,420,315,420,525,420,0,19.58,1,66.1,1,0,0,0,41.5
13.5,3,1,3,13,105,525,420,525,210,315,420,420,420,420,420,420,420,420,0,18.99,0,75.14,1,0,240,0,33.5
12.5,0.5,0,0,9,134,536,536,670,536,402,268,536,536,536,536,268,268,402,0,18.03,0,63.67,0,0,1245,65,33
12,2,5,4,8,137,548,685,685,548,411,411,685,137,411,274,411,548,411,1,17.31,0,57.33,0,1,400,0,41
11.5,7,6,2,5,138,552,552,552,552,276,552,552,552,552,552,552,552,552,0,19.39,1,76,0,0,600,0,44.5
15.5,8,7,0,15,120,600,600,480,480,480,480,600,480,480,480,480,480,480,0,17.80,0,77,0,0,0,0,56.5
14,12,8,4,10,120,600,360,480,480,480,480,600,480,480,480,600,480,600,0,18.31,1,78,0,0,0,0,48
20,9,9,10,17,120,600,600,600,360,360,120,600,600,600,600,480,480,600,0,18.24,0,82.69,0,0,0,0,83
21,13,9,9,19,120,600,120,480,120,480,480,600,600,600,600,480,600,600,1,18.07,0,87.67,0,0,0,0,89
18,9,8,6,17,120,600,600,600,480,480,480,600,600,600,600,480,600,600,0,18.19,0,83.54,0,0,30,0,80
17.5,0,2,0,3,120,600,600,600,600,480,360,600,600,600,600,480,600,600,0,17.83,0,67,0,0,60,0,37.5
7,0,9,4,8,150,600,600,600,600,450,450,600,600,600,600,600,450,600,0,17.74,1,69,0,0,60,0,40
19,11,9,4,9.5,120,600,600,600,600,240,120,600,600,600,240,480,600,600,0,18.89,1,72,0,0,60,0,69.5
21.5,12,8,10,17.5,150,600,600,600,600,600,450,0,600,600,600,600,600,600,0,19.62,0,76,0,0,60,0,84
19.5,2,5,2,11,120,600,480,600,480,360,360,480,480,480,480,480,480,480,0,17.83,0,83,0,0,60,0,55.5
19.5,0,7,10,18,120,600,480,480,480,480,360,480,360,600,120,480,600,480,0,19.58,0,89.33,0,0,60,0,54.5
7.5,0,0,2,15,120,600,600,480,480,480,360,600,240,480,480,480,480,480,0,22.74,1,73.43,4,0,60,0,40.5
19,7,5,10,5,120,600,600,600,600,600,600,600,600,600,600,600,600,600,0,17.83,1,69.67,0,60,60,0,46
15,9,9,6,19,120,600,240,120,480,360,480,600,600,360,480,480,600,480,0,18.66,0,80.67,0,0,70,0,75
24,13,9,10,21,120,600,600,240,360,360,240,480,480,360,480,480,120,120,0,18.31,0,85,0,10,75,0,77
15.5,1,6,6,15,120,600,600,600,480,480,600,600,600,600,600,600,600,600,1,18.22,0,77.33,0,0,120,0,43.5
17,13,9,9,22,120,600,480,600,600,480,360,600,600,600,600,600,600,600,0,17.99,1,79.33,0,0,120,0,70
21.5,6,9,5,10,120,600,480,600,360,360,240,600,480,480,360,480,600,600,0,18.30,1,79.7,0,0,120,0,68.5
19,10,8,4,3,120,600,600,480,360,480,240,480,600,600,360,600,120,480,0,20.76,0,69.29,0.5,0,120,0,56
21,13,9,10,6,120,600,600,480,480,600,360,600,600,600,600,600,600,600,0,20.82,1,69.08,1.5,0,120,0,80
11,9,7,0,5,120,600,600,600,600,600,600,480,600,600,600,480,600,600,0,17.47,0,86.67,0,2,130,0,43
11,13,5,4,3,120,600,600,600,600,600,600,600,600,600,600,480,600,600,0,18.81,0,61.33,0,0,180,0,50
12.5,7,2,4,16,120,600,600,120,120,120,120,480,480,480,480,120,120,120,0,17.86,0,76,0,0,180,0,53.5
22,12,7.5,10,16,120,600,480,480,480,360,240,480,600,600,240,480,600,480,0,18.18,1,80,0,25,180,0,82.5
10,3,2,0,7,120,600,600,600,600,600,600,600,600,600,600,480,600,600,0,17.88,0,78.33,0,0,240,0,35
21.5,11,9,10,20,120,600,360,360,480,240,120,600,600,600,600,480,600,600,0,17.85,0,90,0,60,270,0,86.5
22,11,9,10,19,120,600,480,600,600,480,360,600,600,480,600,480,600,480,0,21.24,1,75.88,2,0,300,0,89
20.5,2.5,9,4,14,120,600,600,600,600,240,240,480,480,360,480,480,600,360,0,18.40,0,86.54,0,0,360,0,70
21,8,2,1,10,120,600,480,600,480,480,360,600,600,600,600,480,600,600,0,17.54,1,76,0,0,420,0,56
19.5,0,9,7,7,120,600,600,600,600,600,600,600,600,600,600,480,600,600,0,18.43,0,82,0,0,420,0,60.5
22,8,2,6,13,120,600,600,600,600,360,480,600,600,600,600,480,600,600,0,18.58,0,82,0,0,420,0,71
15,12,3,5,11,120,600,480,600,600,360,360,480,600,480,600,360,480,480,0,18.08,0,71.33,0,0,483,0,64
21,13,9,10,7,120,600,600,600,600,480,480,600,600,480,600,480,480,600,0,18.27,0,76.67,0,0,600,0,77
19,10,7,6,20,120,600,360,360,600,480,360,600,600,600,600,600,600,600,0,18.48,1,81,0,0,600,0,62
8,8,0,3,3,120,600,600,600,600,360,240,600,600,600,600,600,600,600,0,19.10,0,47.67,1,0,840,0,22
13,0,4,4,14,120,600,480,600,600,240,240,600,480,480,480,480,600,480,0,18.55,0,71.67,0,0,1200,0,52
14.5,1,6,2,18.5,120,600,600,600,600,600,600,600,600,600,600,600,600,600,1,21.27,1,60.33,0,5,0,5,58
21.5,12,7,4,16,120,600,480,480,480,480,360,600,600,600,600,480,600,480,0,18.15,0,78,0,0,20,30,69.5
22,2,5,7,13,120,600,480,480,360,240,240,480,480,480,480,480,480,480,0,18.06,0,76.67,0,0,60,30,49
21,13,9,9,21,120,600,480,480,480,360,240,360,480,480,240,480,360,240,0,18.12,1,87.67,0,0,0,60,89
21.5,12.5,9,10,15,120,600,600,600,600,480,360,600,480,480,360,600,600,600,1,18.29,1,88.33,0,10,60,60,68
7.5,0,0,0,1,150,600,600,600,600,600,450,750,600,600,600,600,600,750,0,20.20,0,50.33,0,0,80,60,16.5
16.5,7,9,9,13,120,600,600,600,600,480,360,480,480,480,600,600,600,480,1,18.60,1,83.5,0.5,0,120,60,71.5
17.5,12,9,5,19,120,600,600,600,480,600,480,600,600,600,480,480,600,600,0,19.49,1,84.67,0,20,300,60,82.5
16,12,9,8,18,120,600,600,600,600,600,600,600,600,600,600,480,600,600,0,17.95,1,86.67,0,60,60,120,81
17,13,9,10,9.5,120,600,240,480,360,480,360,480,480,480,480,480,480,480,0,19.43,1,77.36,0.5,0,240,120,77.5
21.5,7,6,3,20,120,600,360,360,480,480,360,480,480,480,360,480,480,480,0,18.74,0,68.2,0,0,420,120,57.5
8.5,1,2,3,9,120,600,600,480,480,600,480,360,600,600,600,480,600,480,0,19.28,0,71.33,0,5,0,240,39.5
11.5,0,0,5,11,120,600,480,480,480,360,360,600,360,240,120,480,240,240,1,18.04,0,64,0,60,360,600,42.5
15,0,2,10,9.5,120,600,600,600,600,600,600,600,600,600,480,360,360,600,0,18.75,0,83,0,20,420,600,46.5
5,0,7,5,4,120,600,600,600,600,600,600,600,600,600,600,480,600,600,0,19.15,0,71.33,0,,,,38
17,4,2,2,5,120,600,480,480,480,480,360,600,480,360,360,480,480,240,0,21.17,1,72,1,,,,44
16.5,8,9,9,13,121,605,484,605,605,363,605,605,605,484,605,484,605,605,0,17.92,0,77.67,0,0,59,0,73.5
0,0,0,0,0,206,618,1030,1030,824,824,618,1030,824,824,824,824,824,824,1,18.42,1,70.33,0.5,0,0,0,0
18.5,7,8,4,10,127,635,508,381,508,635,508,635,635,635,635,508,635,635,0,21.09,1,74.16,1,,,,64.5
13,9,3.5,3,0,130,650,520,650,520,390,520,520,520,520,520,520,520,520,0,19.54,1,65.97,0,0,240,0,37.5
20,9,9,7,14,130,650,520,390,390,520,130,390,650,650,650,520,390,390,0,17.69,0,74.33,0,0,780,1440,59
9.5,1,0,0,8,164,656,820,820,656,492,656,492,656,492,656,492,820,164,0,18.05,0,54.33,0,0,600,0,18.5
13,1,9,4,4,132,660,528,660,528,528,528,660,660,660,660,528,660,660,0,17.78,0,84,0,45,45,,46
17,6,2,4,6,133,665,665,665,665,665,532,665,665,665,665,532,665,665,0,20.71,1,78.6,0,243,70,0,49
5.5,0,0,2,12,134,670,670,670,670,536,402,670,670,670,670,536,670,670,0,18.14,1,65.9,0,0,120,60,30.5
19.5,11,4,2,10,135,675,675,675,675,675,675,675,675,675,675,540,675,675,0,18.07,1,67.7,0,0,180,0,65.5
18.5,9,8,5,15,180,720,720,900,900,720,720,900,900,900,900,720,900,900,1,18.13,0,80.67,0,0,0,0,72.5
20.5,8,9,9,19,180,720,720,720,720,720,720,900,900,900,900,720,900,900,0,17.84,1,82,0,60,0,0,83.5
15.5,13,9,9,9,180,720,900,900,900,360,180,180,720,720,180,720,360,360,0,20.40,0,62.33,0,0,10,0,69.5
15.5,1.5,3,1,8,180,720,900,540,720,540,360,720,720,720,720,720,720,720,0,22.22,1,72.67,0,5,60,0,44
14,0,1,1,11,180,720,720,720,720,720,720,900,720,720,720,720,720,720,0,17.80,0,64.33,0,0,120,0,27
9,6,4,6,9,180,720,720,360,720,540,540,720,540,540,540,720,720,540,0,18.10,0,68.22,1,0,120,0,49
12.5,5,3,3,13,180,720,540,720,900,180,180,180,720,720,540,360,180,360,1,18.27,1,69.33,0,0,130,0,36.5
8,13,7,4,16,180,720,720,900,900,540,180,720,720,540,720,720,720,720,0,19.46,1,72,0,0,240,0,61
15,9,6,10,17,180,720,540,900,900,360,540,720,360,360,360,720,540,720,0,20.21,0,77.33,0,0,300,0,76
16.5,7.5,4,1,8,180,720,720,720,720,360,540,720,540,540,540,540,540,540,0,18.23,0,80.23,0,0,600,0,49
7.5,1,4,6,11.5,180,720,720,900,720,720,720,900,900,900,720,720,900,900,0,18.03,0,81.33,0,60,600,0,40
14,13,9,10,13.5,180,720,720,720,720,720,720,720,720,720,720,720,720,720,0,18.07,1,77.67,0,9,614,12,75.5
15,13,9,5,6.5,180,720,720,720,720,720,720,720,720,720,720,720,720,720,0,18.54,1,80.67,0,10,60,60,61.5
14,12,4,0,9,180,720,720,720,720,720,720,720,720,720,720,720,720,720,0,19.65,0,69.33,0,300,420,360,50
14.5,11,8,5,9,147,735,588,441,441,588,441,588,735,441,735,588,588,588,0,18.26,0,86.33,0,0,276,0,67.5
11,10.5,0,0,11.5,186,744,744,744,744,744,558,744,744,744,744,744,744,744,1,17.78,0,68.67,0,0,120,0,33
5.5,5,5,4,12,186,744,186,930,372,372,186,930,930,930,930,930,930,930,0,18.43,0,72.33,0,0,120,0,43.5
17,10,9,9,20,150,750,750,750,300,600,750,750,750,750,750,600,750,750,0,17.86,1,81,0,0,20,0,81
17,5,2,2,14,150,750,750,750,750,750,750,750,750,750,750,600,750,750,0,18.32,0,72.67,0,0,360,0,55
1.5,1.5,4,6,17.5,150,750,600,600,600,750,450,600,600,600,600,450,450,450,0,18.14,0,76.33,0,0,540,0,43.5
16.5,1,0,0,14.5,150,750,750,750,750,750,750,750,600,600,600,600,750,750,0,18.49,0,70.33,0,0,600,0,45
13,0,4,2,12,150,750,750,750,750,450,450,750,750,750,750,750,750,750,0,17.83,0,76.67,0,5,240,30,31
8.5,1,9,8,2,150,750,450,600,750,450,450,750,600,450,450,600,300,450,0,18.51,0,74,0,15,120,60,28.5
12,1,9,2,13.5,150,750,750,600,450,300,300,750,750,750,750,750,600,750,0,18.60,0,78.33,0,0,300,120,37.5
16,1,6,6,7,155,775,775,775,775,465,465,775,775,775,775,620,620,775,0,18.51,0,66,0,0,180,0,48
19,7,3,5,3.5,210,840,840,840,840,840,840,630,630,630,630,630,630,630,0,17.64,0,61.33,0,0,0,0,37.5
3.5,6,0,0,0,210,840,840,840,840,840,840,840,840,840,840,840,840,840,0,20.34,0,52.67,0,61,90,90,22.5
10,11,2,1,5,210,840,840,630,840,840,840,1050,1050,840,1050,840,840,840,0,19.23,1,58.75,1,30,30,300,40
12.5,0,2,0,6,172,860,860,860,860,860,688,860,516,688,688,688,860,860,0,17.44,0,70.33,0,0,600,10,35.5
6,4,0,8,7,180,900,900,900,900,720,720,900,900,900,900,720,900,900,0,19.13,1,70.67,0,0,0,0,38
5,0,0,0,12,180,900,720,720,540,720,720,900,900,900,900,720,900,900,0,17.53,0,71.33,0,0,0,0,31
15,9,8,10,9,180,900,900,900,900,900,900,900,900,900,540,900,540,540,0,18.54,1,71.5,0,0,0,0,66
15.5,8,7,0,15,180,900,900,900,900,720,540,900,900,900,720,720,900,900,0,17.80,0,77,0,0,0,0,56.5
16,13,2,1,0,300,900,900,900,900,900,900,1200,1200,1200,1200,1200,1200,1200,0,23.91,1,66,0.5,0,0,0,47
19,5,4,2,17,180,900,720,720,720,540,360,720,540,540,540,720,540,720,0,21.29,1,76,0,15,0,0,64
17.5,13,9,9,12,180,900,720,720,720,540,360,900,540,540,540,900,900,720,1,22.62,1,78,0,60,0,0,60.5
5,4,5,3,6,180,900,900,720,900,540,360,900,720,720,540,720,720,720,0,23.68,0,71,0,0,14,0,34
19,5,4,2,17,180,900,720,900,900,540,360,720,720,540,360,720,720,720,0,21.29,1,76,0,60,30,0,64
5,4,5,3,6,180,900,720,720,900,720,540,900,720,720,540,720,720,720,0,23.68,0,71,0,0,40,0,34
5,6,6,7,19,180,900,900,900,900,720,900,900,900,900,900,900,900,900,0,17.66,0,68.33,0,0,60,0,43
19,9,8,10,16,180,900,900,900,720,720,360,900,900,900,720,720,540,900,0,18.02,0,85.33,0,5,60,0,62
15.5,12,6,5,14,180,900,180,360,720,180,540,900,720,540,720,720,720,360,0,20.62,1,78.03,1,120,60,0,52.5
19.5,6,9,10,18,180,900,720,900,720,720,360,900,900,900,900,720,900,900,0,18.55,0,76,0,0,61,0,77.5
15,0,7,1,11,180,900,720,540,720,540,540,720,720,720,540,720,540,360,0,17.78,1,67.67,0,0,120,0,52
1,0,5,1,12,180,900,900,900,900,900,540,900,900,540,720,720,900,360,0,18.51,0,76.67,0,0,120,0,34
19.5,2,5,2,11,180,900,720,900,720,720,180,900,900,900,900,720,900,900,0,17.83,0,83,0,0,120,0,55.5
12,1,2,0,13,180,900,900,720,900,720,540,720,720,720,720,720,720,540,0,18.04,0,70,0,0,180,0,42
10,7,2,0,0,180,900,900,900,720,360,360,720,720,720,720,720,720,720,0,18.82,1,79.67,0,0,180,0,33
22,13,9,10,12,180,900,900,720,900,720,360,720,540,360,540,360,180,360,0,19.22,0,83,0,0,180,0,86
21.5,11,9,10,20,180,900,540,540,180,720,360,900,900,900,900,720,540,900,0,17.85,0,90,0,90,180,0,86.5
24,13,9,5,15,180,900,900,900,720,540,720,900,720,720,720,720,360,720,0,19.01,1,73.33,0,0,240,0,84
12,0,4,0,2,180,900,720,900,900,720,720,900,900,900,900,720,900,900,0,21.53,0,61.33,1,60,240,0,30
7,5,4,0,12,180,900,900,900,900,900,720,900,900,900,900,720,720,720,0,18.27,1,69,0,0,300,0,40
19,0,7,5,15,180,900,900,720,720,540,540,720,900,900,900,720,720,720,0,17.98,0,80.67,0,0,300,0,63
16,0,7,2,18,180,900,900,900,900,720,540,900,900,900,900,900,900,720,0,18.10,0,75.29,0,5,300,0,60
17,13,9,10,20,180,900,720,900,720,720,900,900,900,900,900,900,900,900,0,18.51,1,79.33,0,5,300,0,69
14.5,0,7,3,8,180,900,540,360,900,720,180,900,900,900,900,720,720,720,0,18.01,0,72.67,0,0,360,0,47.5
19.5,11,6,10,19,180,900,900,900,900,900,900,900,900,900,900,720,900,900,0,18.47,0,83.33,0,0,510,0,83.5
17.5,8,1,0,13,180,900,900,900,720,540,720,900,900,900,900,900,900,900,0,17.54,0,55,0,0,600,0,39.5
14.5,1,2,2,0,180,900,900,900,900,720,900,900,900,900,900,720,900,900,0,18.01,1,62,0,0,600,0,36.5
16.5,0,0,0,16,180,900,720,900,720,720,360,900,900,900,900,720,900,900,0,18.79,1,69.33,0,0,600,0,45.5
17.5,1.5,5,4,18,180,900,900,900,900,540,540,900,900,900,900,720,900,900,0,18.07,0,83,0,0,600,0,66
10.5,2,2,2,5,180,900,900,900,720,540,540,720,720,720,720,720,720,720,0,18.60,1,78,0,0,900,0,37.5
20,8,7,2,6,180,900,720,720,720,720,540,720,720,720,720,720,720,720,0,17.70,0,80,0,0,1440,0,62
18.5,0,6,0,3,180,900,900,540,720,720,540,720,720,720,720,720,720,540,0,18.03,0,85,0,15,30,10,41.5
11,3,6,10,17,180,900,900,900,900,720,540,720,720,540,720,720,540,720,0,19.20,1,65,0,60,120,30,47
21.5,12,7,4,16,180,900,900,720,900,540,540,720,900,720,540,720,720,720,0,18.15,0,78,0,0,60,60,69.5
17,6,0,2,13,180,900,720,900,900,720,720,900,900,900,720,720,540,720,0,17.94,0,79,0,0,120,60,51
22,13,9,10,12,180,900,900,900,900,540,360,720,360,360,540,720,540,360,0,19.22,0,83,0,,60,,86
17.5,13,6,0,5,181,905,905,905,905,724,724,905,905,905,905,724,905,905,0,18.28,0,83.67,0,0,210,0,58.5
6,0,0,0,0,188,940,752,940,752,564,376,940,752,752,752,752,564,376,0,19.68,1,60.31,1,0,0,0,6
21,10,9,9,20,190,950,950,760,950,760,570,950,950,950,760,950,950,760,0,18.46,0,88,0,0,900,0,69
10.5,0,6,3,10,240,960,960,960,960,960,960,960,960,960,960,960,960,960,0,17.77,1,78.67,0,0,30,0,43.5
22.5,13,9,10,19,240,960,960,960,960,960,960,720,960,960,1200,960,960,720,0,18.26,0,86.67,0,0,60,0,73.5
1.5,8,7,3,5,240,960,960,960,960,960,720,960,960,960,960,960,960,960,0,19.37,1,64.5,0,0,240,0,36.5
14,2,9,0,9,240,960,720,720,960,480,480,960,960,720,720,960,720,720,0,18.88,0,81,1,0,300,0,34
10.5,4,9,6,6,240,960,960,960,960,720,720,960,960,960,720,960,480,720,0,18.56,0,64,0,0,840,0,49.5
23,12,9,10,16,240,960,960,1200,960,960,480,960,1200,1200,1200,960,960,960,0,18.38,0,80,0,60,60,15,89
20,0.5,2,0,13,240,960,960,960,960,720,720,960,960,960,960,960,720,720,0,17.91,0,77.67,0,0,30,60,52.5
13,2,4,9,16,195,975,780,975,780,585,585,780,780,780,780,585,780,780,0,17.99,1,70,0,60,602,62,56
18,8,0,0,8,205,1025,615,615,615,410,820,1025,1025,1025,1025,820,1025,1025,0,18.33,1,76,0,,,,45
15.5,0,0,0,11,210,1050,840,840,840,420,420,840,1050,1050,1050,840,1050,1050,0,17.54,1,79.67,0,0,0,0,40.5
12.5,0.5,6,3,11,210,1050,1050,1050,840,840,420,840,630,840,840,840,840,840,0,18.42,1,76,0,0,120,0,46
14.5,7,9,1,10,210,1050,840,840,840,630,420,840,840,630,840,840,840,630,0,19.20,1,67.33,0,0,150,0,56.5
16.5,5,0,0,0,213,1065,852,426,852,852,852,1065,1065,1065,1065,852,1065,1065,0,19.48,0,61.33,0,0,0,0,34.5
11.5,0,4,0,9.5,270,1080,1080,1080,1080,1080,1080,810,1080,1080,1080,1080,1080,1080,0,18.51,1,70.67,0,0,240,120,42
10.5,9,5,4,12.5,240,1200,960,480,960,720,480,960,960,960,480,960,1200,720,0,20.39,0,64.14,0.5,0,15,0,56
18.5,5,9,10,7.5,240,1200,1200,1200,1200,1200,720,1200,960,720,1200,720,720,960,0,18.92,1,73.67,0,0,60,0,66
9,4,2,2,10,240,1200,1200,240,1200,960,1200,1200,1200,1200,1200,1200,1200,1200,0,18.40,1,62,0,60,90,0,27
5.5,7.5,3,1,10,240,1200,1200,1200,960,960,1200,960,1200,1200,960,960,720,960,0,17.95,0,61.33,0,0,180,0,40
10.5,0,0,2,17,240,1200,1200,1200,960,720,720,960,960,960,1200,960,960,960,0,18.42,0,66,0,15,180,0,47.5
15.5,0,7,7,18,240,1200,1200,1200,1200,960,1200,1200,1200,1200,1200,960,1200,1200,0,17.36,0,72.67,0,0,540,0,62.5
7.5,0,0,0,6,240,1200,960,1200,960,960,480,1200,1200,960,1200,960,960,1200,0,20.35,1,63.8,0.5,0,900,0,23.5
19,0,9,4,12,240,1200,1200,240,1200,720,960,1200,1200,1200,1200,1200,1200,480,0,18.97,1,57,0.5,0,600,10,61
23,13,8,10,17,240,1200,1200,1200,1200,1200,1200,720,960,720,960,960,960,720,0,18.56,1,87,0,0,360,360,90
8.5,13,4,5,7,250,1250,1250,1250,1250,1000,1000,1250,1250,1250,1250,1000,1250,1250,0,21.01,0,69.17,0.5,0,240,0,52.5
13,0,0,0,5,250,1250,750,1000,750,1250,250,1250,1250,1250,1250,1000,1250,1250,0,20.86,1,65,0,180,600,0,30
12,1,9,4,3,252,1260,1260,1260,1008,504,756,1260,1260,1260,1260,1008,1260,1260,0,17.97,1,77.7,0,60,1440,0,41
17,13,8,10,16,255,1275,1020,1020,1020,765,765,1275,1275,765,1020,1275,1020,765,0,20.35,0,73,0,0,150,30,64
0,12,1,2,7,330,1320,1320,1320,1320,1320,1320,1320,1320,1320,990,1320,990,1320,1,19.11,1,58.67,0,0,0,0,31
7,8,2,0,10,330,1320,1650,1650,1650,1320,990,1650,1320,990,1650,1320,1320,1320,0,19.75,1,73.67,0,0,480,0,43
9,0,2,0,13,285,1425,1140,1425,1140,855,570,1425,1140,1425,1425,1140,570,1425,0,20.41,1,64,0,5,300,0,39
11.5,1,0,1,13,288,1440,1152,1152,1152,576,864,1152,1152,1152,1152,1152,1152,576,0,17.82,0,65,0,0,0,0,26.5
0.5,0,0,0,1.5,360,1440,1800,1080,1800,720,360,1800,1440,1440,1800,1800,1800,1800,0,19.65,0,28.4,0.5,0,0,0,11
10.5,0,6,5,1,290,1450,1450,1450,1450,1160,870,1160,1450,1450,1160,1450,1450,1160,0,18.14,1,73.67,0,0,45,180,22.5
6,0,1,4,17,295,1475,1475,1475,1475,1475,1475,1475,1475,1475,1475,1475,1475,295,0,17.63,0,70,0,0,0,0,28
14.5,7,6,4,3,372,1488,1488,1116,1488,1488,1488,1488,1488,1488,1488,1488,1116,1116,0,18.41,0,69.33,0,32,1380,0,34.5
3,1,2,4,11.5,300,1500,900,900,900,900,900,1500,1500,1500,1500,1500,1500,1500,0,19.09,1,65.43,0.5,0,0,0,33.5
18.5,9,8,5,15,300,1500,1500,1500,1500,1500,1200,1500,1500,1500,1500,1200,1500,1500,1,18.13,0,80.67,0,0,180,0,72.5
16,6,2,0,5,300,1500,1500,1500,1500,1500,1500,900,1200,1200,1200,1200,1200,1200,0,17.88,0,57.33,0,0,420,0,38
7,0,0,0,4,300,1500,1500,1500,1500,600,600,1500,1500,1500,1500,1200,1500,1500,0,18.99,0,58.33,0,0,600,0,22
21,11,8,10,19.5,300,1500,1500,1500,1200,1500,1200,1500,1500,1500,1500,1200,1500,1200,0,19.23,0,80.67,0,0,600,0,86.5
14,1,7,6,8,300,1500,1500,1200,1500,1200,900,1500,1500,1500,1500,1500,1500,1500,0,18.48,1,67,0,60,900,0,36
10.5,0,6,3,9,300,1500,1500,1200,1500,1500,1500,1500,1500,1500,1200,1200,1500,1200,0,18.49,1,73,0,2,120,30,41.5
5.5,0,1,0,3,302,1510,1208,1510,1510,1510,604,1510,1510,1510,1510,1208,1510,1510,0,22.31,0,56,0,0,0,0,16.5
4,0,9,1,16,304,1520,1520,1520,1520,1216,1520,1520,1520,1520,1520,1520,1520,1520,1,22.81,0,59,0.5,0,0,0,45
8.5,13,4,5,7,310,1550,1550,1550,1550,1550,1240,1240,1550,1550,1240,1240,1550,1550,0,21.01,0,69.17,0.5,0,120,0,52.5
7.5,1,1,0,2,420,1680,1680,1680,1680,1680,1680,1680,1680,1680,1680,1680,1680,1680,0,20.84,0,58.4,0.5,0,0,60,22.5
17,2,6,6,18,360,1800,1440,1440,1440,1440,1440,1440,1440,1440,1800,1440,1800,1440,0,17.43,0,78,0,0,420,0,67
16,13,9,6,19,360,1800,1800,1800,1800,1440,1080,1440,1440,1800,1800,1440,1080,1440,0,17.64,1,79.67,0,0,420,180,83
13,11,7,3,20,360,1800,1800,1800,1800,1440,1440,1800,1800,1800,1800,1800,1080,1800,0,17.41,0,74.67,0,120,120,300,54
14.5,0,4,4,10.5,480,1920,1920,2400,960,1440,1440,1920,1920,2400,1920,1920,1440,2400,0,18.36,0,72.95,0.5,0,120,0,47
12,0,0,0,13.5,390,1950,1950,1950,1950,1950,1950,1950,1950,1950,1950,1560,1950,1950,0,18.39,0,73.67,0,0,60,120,40.5
18,11,8,10,18,510,2040,1530,2040,2040,1530,1530,2550,2550,2550,2550,2550,2040,2550,0,19.11,0,70.81,1,0,0,301,65
10.5,1,1,2,9,420,2100,2100,2100,2100,1680,1260,2100,2100,2100,2100,1680,1680,2100,0,19.46,1,70.33,0,0,120,0,37.5
1.5,6,2,2,9,421,2105,1684,1684,1684,1684,1263,1684,2105,2105,2105,2105,2105,2105,0,17.83,0,79.33,0,0,1200,0,20.5
13,1,7,3,15,430,2150,2150,2150,2150,2150,1290,2150,2150,2150,2150,1720,2150,2150,0,18.40,0,77,0,0,900,60,56
13.5,9,6,10,15,,,,,,,,,,,,,,,0,18.06,1,72.71,0.5,0,191,0,68.5
10.5,0,0,0,9,,,,,,,,,,,,,,,0,20.39,1,61.98,0,0,610,0,19.5
16,6,9,6,10.5,,,,,,,,,,,,,,,0,21.34,0,58.58,3,1440,720,0,56.5
7.5,4,0,1,5,,,,,,,,,,,,,,,0,21.41,1,54.78,1,60,601,5,17.5
23,9,8,9,20,,,,,,,,,,,,,,,0,17.72,0,76.2,0,0,600,30,85
12,6,0,1,17,,,,,,,,,,,,,,,0,17.49,0,69.33,0,0,600,240,36
16.5,10,0,6,12,,,,,,,,,,,,,,,1,18.55,0,80.14,0.5,972,911,545,44.5
9,0,0,3,7,15,,,,,,,,,,,,,,0,19.37,1,50.67,0,,,,28
8,3,9,2,5,30,,,,,,,,,,,,,,0,21.99,1,60,0,,,,42
19.5,8,3,5,10,60,,,,,,,,,,,,,,0,19.51,1,61,0,,,,57.5
14.5,0,8,6,16,0,,,,,,,,,,,,,,0,19.80,1,68.95,0,,,,63.5
16.5,1,3,5,15.5,30,,,,,,,,,,,,,,0,18.02,1,69,0,,,,54
16,0,2,8,9,60,,,,,,,,,,,,,,0,18.49,1,69,0,,,,50
20,11,9,4,18,67,,,,,,,,,,,,,,0,18.10,1,69.33,0,,,,79
17,11,9,9,21,60,,,,,,,,,,,,,,0,17.77,1,71.33,0,,,,67
6,1,0,0,8,210,,,,,,,,,,,,,,0,18.21,0,71.67,0,,,,27
10.5,3,2,8,3,0,,,,,,,,,,,,,,0,19.93,0,73.33,0,,,,40.5
20.5,10,8,5,17,180,,,,,,,,,,,,,,1,18.14,1,74,0,,,,75.5
5.5,0.5,2,0,0,120,,,,,,,,,,,,,,0,18.91,1,74,0,,,,20
15,1,7,6,9.5,120,,,,,,,,,,,,,,0,18.05,1,76.33,0,,,,52.5
18,6,6,2,12.5,60,,,,,,,,,,,,,,0,17.57,0,77.67,0,,,,61.5
17,0,9,8,9,121,,,,,,,,,,,,,,0,18.39,0,78,0,,,,58
20,8,5,6,15,60,,,,,,,,,,,,,,0,18.63,0,78,0,,,,70
12.5,0,7,0,8,120,,,,,,,,,,,,,,0,18.70,1,78.67,0,,,,42.5
11,8,2,4,14,150,,,,,,,,,,,,,,0,17.87,0,82,0,,,,39
18.5,0.5,8,2,11,30,,,,,,,,,,,,,,0,17.73,0,85,0,,,,54
12.5,0,0,6,11,60,,,,,,,,,,,,,,0,26.64,0,85,0,,,,45.5
23,7,9,6,21,330,,,,,,,,,,,,,,0,17.93,0,85.69,0,,,,87
4.5,1,2,1,7.5,60,,,,,,,,,,,,,,0,18.68,1,63.36,1,,,,30
14,11,6,7,19,120,,,,,,,,,,,,,,0,19.14,0,72.62,1,,,,72